crypto_name,date,price_usd,market_cap_usd,volume_24h_usd,change_24h
Bitcoin,2025-01-31,104781.5135100103,2076760153260.6191,42122570869.034325,
Bitcoin,2025-02-01,102382.39409722165,2028504133577.489,37187819228.35328,-2.289639968370427
Bitcoin,2025-02-02,100674.78762544956,1996423711261.7268,22827776122.48367,-1.6678712065968604
Bitcoin,2025-02-03,97568.31653024875,1933691439792.2544,59784234332.21204,-3.08564951411483
Bitcoin,2025-02-04,101466.8606657039,2011121374511.8835,122163969235.23686,3.99570708411936
Bitcoin,2025-02-05,98118.43921664466,1943535291172.1597,73196693057.98114,-3.3000148295620035
Bitcoin,2025-02-06,96582.88682919052,1912584628590.309,48848958931.79228,-1.5649987909649221
Bitcoin,2025-02-07,96635.41875332211,1915093756057.5637,44462180396.172516,0.054390509391688546
Bitcoin,2025-02-08,96558.4563096667,1911296376425.356,57077722340.22422,-0.07964206566111187
Bitcoin,2025-02-09,96558.23762501091,1914211835440.1182,20760850644.84597,-0.00022647903057393393
Bitcoin,2025-02-10,96548.57865379585,1913068773356.083,25457107581.051964,-0.010003259641677698
Bitcoin,2025-02-11,97399.98161383197,1930742951090.367,37054987393.57789,0.8818389373592916
Bitcoin,2025-02-12,95739.97737079239,1898788887978.3252,36454577154.5622,-1.7043167930165692
Bitcoin,2025-02-13,97836.18856127483,1936842454813.9983,47115618235.19051,2.189483691189942
Bitcoin,2025-02-14,96561.6639990985,1914315097486.3862,29084371910.690556,-1.3027128109943664
Bitcoin,2025-02-15,97488.48148536457,1931656846871.4856,32289906944.92862,0.9598192987589016
Bitcoin,2025-02-16,97569.95169430465,1934308378710.2861,14215311318.346336,0.08356906138937692
Bitcoin,2025-02-17,96149.3484548204,1905012222220.3691,13634794998.739267,-1.4559843628242475
Bitcoin,2025-02-18,95776.15723852723,1898997753781.9536,25324374113.08163,-0.38813702046928134
Bitcoin,2025-02-19,95495.89153299287,1892702154844.508,38311133144.729355,-0.29262575740679475
Bitcoin,2025-02-20,96554.87156259285,1914337919659.5537,27703222487.389572,1.1089273188617854
Bitcoin,2025-02-21,98384.31738240314,1950376106325.3228,24175261969.81266,1.8947214057701167
Bitcoin,2025-02-22,96135.15541305285,1906058197506.3809,42477472950.92155,-2.286098058299446
Bitcoin,2025-02-23,96564.15414290235,1915260330870.798,18464415570.762142,0.4462454218815859
Bitcoin,2025-02-24,96327.46309127835,1909625674815.4763,16643044374.983364,-0.2451127478150239
Bitcoin,2025-02-25,91396.76686930266,1814176779160.4363,45539703844.38777,-5.118681696520378
Bitcoin,2025-02-26,88755.7693356979,1759750360550.3337,96742453402.56294,-2.889596234165903
Bitcoin,2025-02-27,83900.11496524839,1664314955447.7466,69277430795.68657,-5.470804215649505
Bitcoin,2025-02-28,84709.14477847965,1679555320077.2097,305190442156.92804,0.964277359532062
Bitcoin,2025-03-01,84441.9012237131,1674754437110.342,80695237175.07367,-0.3154837124910381
Bitcoin,2025-03-02,86005.25629681018,1705564098300.8237,30634474722.6359,1.8513972926252231
Bitcoin,2025-03-03,94261.53286538439,1868321705444.4878,61859112550.80991,9.599734858159392
Bitcoin,2025-03-04,86124.71418722175,1708198960874.3418,68715362745.4567,-8.63217309417501
Bitcoin,2025-03-05,87310.80531078295,1731441668069.6523,65863356680.42408,1.3771785889272525
Bitcoin,2025-03-06,90604.08098523637,1797706868227.531,51606642859.81411,3.7718993230345443
Bitcoin,2025-03-07,90001.40087607042,1782785866811.654,47555759124.64708,-0.6651798711629353
Bitcoin,2025-03-08,86773.33597555371,1720436931689.2776,63216440874.73251,-3.586682950592812
Bitcoin,2025-03-09,86142.9833586432,1708605516770.228,18809360803.37126,-0.72643584555524
Bitcoin,2025-03-10,80751.13893300897,1602073794580.0344,32013406240.51754,-6.259180046256474
Bitcoin,2025-03-11,78783.94057934263,1563547150147.7332,49983692766.22745,-2.436124591751365
Bitcoin,2025-03-12,82799.1080292053,1642997419531.6057,56404462275.083046,5.0964288157419935
Bitcoin,2025-03-13,83884.24578828987,1662502658717.542,41782186208.59073,1.3105669673419973
Bitcoin,2025-03-14,81098.90052436228,1608477373718.186,32583592654.882656,-3.3204629042709044
Bitcoin,2025-03-15,83971.70916064628,1665725559905.8198,28571483950.074646,3.542352137586624
Bitcoin,2025-03-16,84391.69087647168,1674173293916.4658,10761796127.312485,0.500146680380098
Bitcoin,2025-03-17,82610.61750343916,1638672153483.722,21638031633.118767,-2.110484284098013
Bitcoin,2025-03-18,84075.36559694471,1667799227887.438,19659366246.596867,1.7730748634636084
Bitcoin,2025-03-19,82780.03048688271,1642578274105.806,24557570268.85276,-1.5406832915503599
Bitcoin,2025-03-20,86815.44109470697,1721565138141.278,33871216993.304657,4.87486001646702
Bitcoin,2025-03-21,84270.84358966233,1672550706502.8184,27579127651.06656,-2.93104253455182
Bitcoin,2025-03-22,84009.532917822,1666749159154.2927,18091004975.919056,-0.3100843194506542
Bitcoin,2025-03-23,83793.30854192551,1662574363663.653,7771134681.982918,-0.25738076190472414
Bitcoin,2025-03-24,85787.70914901773,1702009594329.4495,12617587530.619724,2.380143046976513
Bitcoin,2025-03-25,87327.72969669085,1732715331970.134,27270889835.1835,1.7951528988820797
Bitcoin,2025-03-26,87520.58391530563,1735368473904.4885,30351832942.705593,0.22083961106582617
Bitcoin,2025-03-27,86960.8555491039,1724854479045.6724,25522877558.700558,-0.6395391131569506
Bitcoin,2025-03-28,87227.27158032371,1729729987159.4822,24620445368.489468,0.30636316712566725
Bitcoin,2025-03-29,84359.46915506005,1673182800974.1038,31674486232.097313,-3.287736017998477
Bitcoin,2025-03-30,82679.17255385047,1640665503855.1438,16837439419.924389,-1.9918292730375708
Bitcoin,2025-03-31,82356.38111183756,1633996304187.2593,13428975108.070734,-0.39041445631627925
Bitcoin,2025-04-01,82514.09365397849,1635076581047.3545,30326148749.91535,0.1915000878034645
Bitcoin,2025-04-02,85237.5876052852,1690602036035.04,29172899851.734768,3.300640933811416
Bitcoin,2025-04-03,82526.4221526433,1637358764747.381,46332905657.77597,-3.180715842401194
Bitcoin,2025-04-04,83163.98757387721,1652537223074.958,36594464539.14662,0.7725591448211055
Bitcoin,2025-04-05,83852.00765399594,1664234880198.049,35647289400.47406,0.8273053038823308
Bitcoin,2025-04-06,83595.88550177493,1656020067997.187,14910400035.531416,-0.305445462054843
Bitcoin,2025-04-07,78211.48358199988,1555325260787.2627,36140377231.68329,-6.440989155693222
Bitcoin,2025-04-08,79179.29226757778,1581407565278.352,82909748172.59216,1.2374253002926494
Bitcoin,2025-04-09,76329.090356324,1515042499757.3254,47812787635.22632,-3.5996809640857053
Bitcoin,2025-04-10,82622.17029546302,1640567909122.172,87408220482.11568,8.244667805893258
Bitcoin,2025-04-11,79596.35732250768,1580023209138.0547,41213520154.25157,-3.662228869242723
Bitcoin,2025-04-12,83439.28818043756,1655868880454.1702,39813566443.76779,4.828023526703795
Bitcoin,2025-04-13,85305.09728392666,1693600655371.0874,22428929482.069122,2.236127781260877
Bitcoin,2025-04-14,83600.82010054543,1658923208081.8682,28731125717.934357,-1.997860898873105
Bitcoin,2025-04-15,84523.4524914945,1677843510120.269,33155578229.343513,1.1036164356275968
Bitcoin,2025-04-16,83656.49248858042,1660749023283.0562,25084671427.622566,-1.0257034909942009
Bitcoin,2025-04-17,84105.77942167096,1670497569762.047,26948109141.803364,0.5370616430659725
Bitcoin,2025-04-18,84930.90857600998,1686226810049.1836,19323821375.14309,0.9810611827305804
Bitcoin,2025-04-19,84433.75017215389,1676373197914.5117,9550691272.782005,-0.5853680505621295
Bitcoin,2025-04-20,85126.66244301842,1690090596771.3958,12635983530.804455,0.8206579353063681
Bitcoin,2025-04-21,85073.16544858096,1689008667806.3804,12625843856.313684,-0.0628439937643166
Bitcoin,2025-04-22,87452.04699068287,1735703747771.06,40070025414.28289,2.796277215686449
Bitcoin,2025-04-23,93576.16588573981,1858587811717.8286,53841992235.36636,7.002830815051597
Bitcoin,2025-04-24,93605.45230873208,1858660302322.256,39901515879.65954,0.031296882828080186
Bitcoin,2025-04-25,93872.81422867288,1864298110563.3408,30031246761.093452,0.2856264387879559
Bitcoin,2025-04-26,94773.11200643536,1882121595175.8462,39336184715.04292,0.9590612417023747
Bitcoin,2025-04-27,94644.06637120107,1879131951239.1846,15445392739.787264,-0.13616270744124526
Bitcoin,2025-04-28,93809.33781968223,1862772247122.064,15926259371.057959,-0.8819660687918618
Bitcoin,2025-04-29,95030.60645474444,1887067388174.3481,31913814736.53902,1.301862547425392
Bitcoin,2025-04-30,94256.35946318062,1870818389258.4038,25882629766.278946,-0.8147343476467617
Bitcoin,2025-04-30,94935.74106070068,1884955868965.1753,23643702349.810272,0.720780646939212
Cardano,2025-01-31,0.9609684445044405,34498529795.72678,627908707.9566039,
Cardano,2025-02-01,0.9425307818897108,33831177451.99314,689867624.8457649,-1.9186543242049714
Cardano,2025-02-02,0.8982630053120425,32282111416.230274,560834002.3078455,-4.696692928045742
Cardano,2025-02-03,0.7981056815290045,28509781209.636086,1557168341.9223769,-11.150111180215516
Cardano,2025-02-04,0.8095252800415622,29064020846.772465,4656842166.005161,1.4308378923803877
Cardano,2025-02-05,0.7469703594022901,26783921617.714703,1559657813.9470115,-7.727358512640947
Cardano,2025-02-06,0.7332663432877611,26322682307.40791,819973385.3931305,-1.834613106401528
Cardano,2025-02-07,0.7039815460494513,25206944915.247795,827082260.6220323,-3.9937462705576965
Cardano,2025-02-08,0.7068603366492864,25337871264.321705,886632725.1011336,0.4089298385717699
Cardano,2025-02-09,0.7021784786978031,25218641928.38805,543524434.6478864,-0.6623455453274585
Cardano,2025-02-10,0.6829085131547858,24513353771.6781,668955885.3942552,-2.7443116141573687
Cardano,2025-02-11,0.7092884772777551,25464206476.94957,738581245.7484099,3.862884063504146
Cardano,2025-02-12,0.7798744439436354,28010657344.561317,1756852350.9792051,9.951658447461153
Cardano,2025-02-13,0.7979754265851546,28633691211.721535,1221550295.0491712,2.321012411945067
Cardano,2025-02-14,0.8102560488773543,29106844488.176685,820914030.7597127,1.5389724900117807
Cardano,2025-02-15,0.800915838420313,28746321360.080658,757456263.8820649,-1.15274800724815
Cardano,2025-02-16,0.7814783063035197,28066250054.163837,483682696.9894568,-2.4269131891724083
Cardano,2025-02-17,0.7713503011207024,27700824921.361584,448632802.4718909,-1.2960059289072179
Cardano,2025-02-18,0.8072872842141813,28992928634.454105,1010963440.4130156,4.658970514598315
Cardano,2025-02-19,0.7534573390949694,27071231776.918564,883986850.5318347,-6.668003593245042
Cardano,2025-02-20,0.7720538356854337,27737590088.5846,684519606.5840904,2.4681552127160833
Cardano,2025-02-21,0.8048194414479836,28905459004.53705,675952428.9428601,4.243953497551156
Cardano,2025-02-22,0.7616380207672204,27373879907.036762,864866893.813699,-5.36535506685496
Cardano,2025-02-23,0.7742502077307336,27839353694.895298,516332439.34476835,1.6559292760632616
Cardano,2025-02-24,0.7709438007684473,27687540750.88118,479984499.41313046,-0.4270463125837787
Cardano,2025-02-25,0.6799958032161385,24410169191.331997,972262987.6922622,-11.796968528919393
Cardano,2025-02-26,0.6826325380000318,24560114281.617443,1287399753.2045634,0.38775750841733014
Cardano,2025-02-27,0.6446208040699569,23183305183.623463,849327155.7918012,-5.568403469521266
Cardano,2025-02-28,0.6461286944605975,23220098443.23013,669250243.5471394,0.23391897703584075
Cardano,2025-03-01,0.6340718656426285,22791584461.913403,1118264046.534234,-1.8660104281600254
Cardano,2025-03-02,0.6582602004111846,23630356571.081604,536866330.7242426,3.8147623446502132
Cardano,2025-03-03,1.1383401347214195,40472166586.52675,8117103714.129525,72.93163615396332
Cardano,2025-03-04,0.8568079668844821,30799224328.46031,6121517602.290976,-24.7318142662022
Cardano,2025-03-05,0.9435445759037009,33919761564.640938,4805730104.1507845,10.123226250405871
Cardano,2025-03-06,0.9757471161760349,35109293105.75561,3408614285.660695,3.412932583655759
Cardano,2025-03-07,0.9073460390884619,32617678786.52462,2330044713.952941,-7.010123417595915
Cardano,2025-03-08,0.8172312446982826,29359693731.836388,3167511497.123035,-9.93168984136531
Cardano,2025-03-09,0.804467726740253,28882396287.35148,1059663491.0446923,-1.561800046294337
Cardano,2025-03-10,0.721388146040346,25933534840.21667,1470024544.8182783,-10.327273293678296
Cardano,2025-03-11,0.6750987117510554,24252710350.12148,1891276771.2102654,-6.416716790173272
Cardano,2025-03-12,0.7229736562075002,26002378264.908184,1748603194.8700173,7.091547298656198
Cardano,2025-03-13,0.736666917455641,26487887957.56288,1252379796.262997,1.894019392071833
Cardano,2025-03-14,0.7017276884338084,25224530850.432487,1127266267.0440097,-4.742880153015216
Cardano,2025-03-15,0.7386527093718266,26569396966.0832,1018976977.5613898,5.262015671696152
Cardano,2025-03-16,0.7477933206994789,26899724202.787777,662909255.5064604,1.2374707642277327
Cardano,2025-03-17,0.7063226566895222,25402420361.681767,751357270.2720457,-5.5457387572231065
Cardano,2025-03-18,0.7182475371685878,25825294460.95307,712181990.225473,1.6883049646115866
Cardano,2025-03-19,0.7028326612501901,25280080924.03958,668445029.95217,-2.146178736534887
Cardano,2025-03-20,0.7454676924079612,26801201326.88525,1064981080.1987456,6.066171011735921
Cardano,2025-03-21,0.7177817989305744,25805383367.453144,892747061.1771692,-3.713895821287394
Cardano,2025-03-22,0.7042253265879588,25345171165.13543,611407466.4808869,-1.8886620366820983
Cardano,2025-03-23,0.7004888130724237,25197460837.91379,431734884.85975003,-0.5305849384370842
Cardano,2025-03-24,0.708589878997602,25514716935.31787,559800879.933612,1.1564875518348394
Cardano,2025-03-25,0.7299608913945431,26243814222.597847,911524424.8464735,3.015991764823589
Cardano,2025-03-26,0.7456209405094492,26800843570.025818,1057345092.4490489,2.1453271400593055
Cardano,2025-03-27,0.7280096173884845,26183821517.33193,908223545.0922289,-2.3619673434777333
Cardano,2025-03-28,0.7381307766619702,26553112212.889977,561347037.4894052,1.390250764789669
Cardano,2025-03-29,0.7054500054704209,25351181721.866997,774769179.0151162,-4.4275042072274395
Cardano,2025-03-30,0.6740559356529756,24251446924.005077,621436559.1898086,-4.450218948756057
Cardano,2025-03-31,0.6601152181346328,23726226141.432636,478487682.2075428,-2.068184075085411
Cardano,2025-04-01,0.6611376773087757,23755197130.731976,739596439.8428652,0.15489101690946416
Cardano,2025-04-02,0.6782918986781525,24400059994.544003,685084959.2043678,2.594651909599932
Cardano,2025-04-03,0.6416810199741727,23094651714.339256,907260521.324572,-5.397510832036579
Cardano,2025-04-04,0.650635234098672,23450013113.346134,850771125.3544065,1.3954307273822186
Cardano,2025-04-05,0.6605590488885138,23776253010.187023,858616116.5915514,1.525250135521694
Cardano,2025-04-06,0.6562187375321188,23579970910.38866,384994433.078377,-0.657066368812631
Cardano,2025-04-07,0.573016902460604,20666417039.717037,948643369.166113,-12.678978869822721
Cardano,2025-04-08,0.5846653688337909,21120215010.277958,1902830957.1750555,2.0328311997721116
Cardano,2025-04-09,0.5576109268777084,20068874438.813213,1236707673.7302747,-4.627337858243075
Cardano,2025-04-10,0.6320092192400434,22804662648.547665,1601016157.2231832,13.342330427224836
Cardano,2025-04-11,0.6099453101466736,21973673981.35284,890738740.5438374,-3.491073930836075
Cardano,2025-04-12,0.624013663949495,22461371679.601933,823024435.6207166,2.306494298552497
Cardano,2025-04-13,0.658135992436163,23694035438.31094,658708096.7725409,5.468202133700362
Cardano,2025-04-14,0.6370042586934123,22924547549.241795,644314435.2323939,-3.210846084337271
Cardano,2025-04-15,0.6347389438662727,22854878995.609505,680079736.1791881,-0.35562004432844185
Cardano,2025-04-16,0.6080639244271904,21888516690.83251,709020814.1750429,-4.202518168587788
Cardano,2025-04-17,0.6106653469788688,21981556631.93492,591359664.0730368,0.42782057069559176
Cardano,2025-04-18,0.6168950161106203,22230558699.064613,448807472.6198462,1.0201445296628364
Cardano,2025-04-19,0.6273043794612541,22592327114.690586,374649872.12397456,1.6873800369246572
Cardano,2025-04-20,0.6280852975713835,22622189176.60253,331430508.4467672,0.1244879098086571
Cardano,2025-04-21,0.6202087731824584,22337661484.398872,354987761.1249453,-1.2540532980761188
Cardano,2025-04-22,0.6226371412727918,22362490105.58631,632027422.0139718,0.3915404288579838
Cardano,2025-04-23,0.6821362911471233,24576709560.09274,834269402.8814627,9.555991111083362
Cardano,2025-04-24,0.6972646472481486,25113980634.96606,967029539.1144488,2.217790828220645
Cardano,2025-04-25,0.7220676397924738,26024119878.803486,1035019627.1012883,3.5571848712269594
Cardano,2025-04-26,0.7138859038055668,25734514974.235474,949069153.9271946,-1.133098277227662
Cardano,2025-04-27,0.7075935331519487,25489395856.82053,659341778.5746859,-0.8814252557831526
Cardano,2025-04-28,0.704070171794187,25365427213.288475,567359217.6728809,-0.49793577706498393
Cardano,2025-04-29,0.7052906740354157,25396071554.80783,889987578.2822492,0.1733495168696697
Cardano,2025-04-30,0.6957354792970168,25058289629.62698,817939169.992459,-1.3547881873621659
Cardano,2025-04-30,0.6981052229182994,25134987293.915443,800385175.1681864,0.34060985702164537
Chainlink,2025-01-31,24.490732702179567,15629389593.060587,780835248.3269736,
Chainlink,2025-02-01,25.110047372151364,16012137624.956215,1037088148.0131172,2.528771505136218
Chainlink,2025-02-02,23.056632816357343,14720760431.386654,818377204.0013832,-8.17766101895685
Chainlink,2025-02-03,20.37978818353273,13007360843.372576,1648083810.793485,-11.609867989594502
Chainlink,2025-02-04,21.617123404580568,13795783740.31868,3664318790.2623925,6.071384108141165
Chainlink,2025-02-05,20.087402196366924,12800372885.185717,1380506660.4812348,-7.076432787026155
Chainlink,2025-02-06,19.198024632936182,12249262032.782541,807832895.3129163,-4.427538985561796
Chainlink,2025-02-07,18.561646996158856,11819337251.921371,682287673.9684799,-3.3148078979206796
Chainlink,2025-02-08,18.36922944342142,11694413797.245031,780222507.5694178,-1.0366405135129098
Chainlink,2025-02-09,18.47215340360934,11785012715.318226,388295781.99542487,0.5603063563712984
Chainlink,2025-02-10,18.279645916836632,11660620297.163214,502726420.2428711,-1.0421496756035653
Chainlink,2025-02-11,18.735439268388735,11953749591.024078,546405484.1936363,2.4934473765287235
Chainlink,2025-02-12,18.632100758166008,11892977471.379398,623884892.2002422,-0.5515670529117722
Chainlink,2025-02-13,19.170624232407725,12214333889.163448,774802846.1552656,2.8902992809637817
Chainlink,2025-02-14,18.55093418228214,11841727337.577047,466067930.3070307,-3.232498027257791
Chainlink,2025-02-15,19.415518125825955,12384039023.391981,564180245.4168177,4.660595175684312
Chainlink,2025-02-16,18.963441364951276,12099814743.500093,336942324.0073716,-2.328430062720499
Chainlink,2025-02-17,18.690222050536228,11920594297.585169,326393973.0278799,-1.4407686303184342
Chainlink,2025-02-18,19.07555438860128,12159616476.156918,643573433.3108445,2.061678759209795
Chainlink,2025-02-19,17.84169816842864,11381170252.457895,699972786.2514534,-6.468258772651659
Chainlink,2025-02-20,17.970373876726352,11466594570.693872,459904675.70211786,0.7212077408943474
Chainlink,2025-02-21,18.30244610488883,11681404985.121147,499933856.29151404,1.8478871415833487
Chainlink,2025-02-22,17.3839217391686,11090464953.625174,792521436.6905377,-5.01858800980094
Chainlink,2025-02-23,17.768825912703218,11345137840.170004,388926757.37778866,2.2141388997821476
Chainlink,2025-02-24,17.65395876856151,11262359498.589151,312472668.1730437,-0.6464532024008873
Chainlink,2025-02-25,15.21398953555796,9706720544.26583,808590878.1756278,-13.821088317871745
Chainlink,2025-02-26,15.310279199838986,9772713881.781696,1354708384.2236567,0.6329021329742446
Chainlink,2025-02-27,15.199314243492214,9710335976.701591,823043107.6126282,-0.7247742180164773
Chainlink,2025-02-28,15.118496719725846,9649853633.97863,446080706.3531332,-0.5317182240703544
Chainlink,2025-03-01,14.834417740047629,9464924655.299578,810329479.017988,-1.8790160486496288
Chainlink,2025-03-02,14.79892509573838,9449031004.842724,378403852.5413731,-0.23925876250222577
Chainlink,2025-03-03,17.35465629172295,11060963294.87501,1030385992.5033189,17.26970830280463
Chainlink,2025-03-04,14.463317452324638,9231188031.53493,929213304.4888734,-16.660305976657654
Chainlink,2025-03-05,14.870706864208927,9486302124.521952,1076691488.1339812,2.816707945650543
Chainlink,2025-03-06,16.476650859563676,10536611650.941988,1068192407.1271837,10.799379007463084
Chainlink,2025-03-07,17.091653455372388,10906473061.560677,1272151305.9880996,3.7325704176813357
Chainlink,2025-03-08,15.957053422200474,10186384652.8118,1393820439.6805797,-6.638328094671708
Chainlink,2025-03-09,15.244986389713931,9714514887.004068,485268238.88908273,-4.462396744851837
Chainlink,2025-03-10,13.781843995714956,8772342661.79942,561017414.1117997,-9.59753165136431
Chainlink,2025-03-11,12.718635381514137,8124246475.467432,865840609.6298516,-7.714559927767228
Chainlink,2025-03-12,13.127761403377729,8376079173.810423,1010792237.0788417,3.216744639587943
Chainlink,2025-03-13,13.497697824032725,8610858862.735506,712097555.6610767,2.817970324779151
Chainlink,2025-03-14,13.02040205647888,8306615800.065287,449443811.61045957,-3.536127225370378
Chainlink,2025-03-15,13.698311581567859,8741295139.922604,1264889215.4104683,5.206517603284433
Chainlink,2025-03-16,14.047444476882017,8964086867.74737,400288239.28010136,2.548729405337391
Chainlink,2025-03-17,13.37456319290102,8534310133.550245,340202993.03724575,-4.790061886974262
Chainlink,2025-03-18,14.034201152130336,8961682285.957445,411120765.39447165,4.9320336650653385
Chainlink,2025-03-19,13.928617348921703,8885492319.967026,383912236.0114679,-0.7523321211097667
Chainlink,2025-03-20,15.005000616983773,9574119031.123764,659401784.34875,7.727854395722922
Chainlink,2025-03-21,14.214273992858512,9069064818.140123,412368002.1193716,-5.26975402606954
Chainlink,2025-03-22,13.954670451450317,8907242369.254993,268646034.233652,-1.8263580787778788
Chainlink,2025-03-23,14.215620898711606,9061064139.534086,234360404.7310978,1.8699864548515244
Chainlink,2025-03-24,14.428602973898046,9206341070.902578,259494207.92073202,1.4982256259080673
Chainlink,2025-03-25,15.062729748207042,9602564173.777027,508936570.48616934,4.3949284310903725
Chainlink,2025-03-26,15.453993652354157,9859962625.197128,399242848.2716152,2.597563062523167
Chainlink,2025-03-27,15.231193092532004,9717346050.657604,452456380.7230261,-1.441702156958069
Chainlink,2025-03-28,15.51118058706289,9888665683.881035,419827501.3959598,1.8382505745276445
Chainlink,2025-03-29,14.252300680204359,9092497870.37486,495769902.4377186,-8.115951585970837
Chainlink,2025-03-30,13.5502090632632,8645754390.849464,330234692.594084,-4.926163380178505
Chainlink,2025-03-31,13.381664699694971,8527310805.780023,300168928.0947569,-1.2438506504315106
Chainlink,2025-04-01,13.515821765627798,8620407778.048851,397331739.18295765,1.0025439206818865
Chainlink,2025-04-02,14.05633324652334,8974868356.677755,415228219.09811413,3.999101869411459
Chainlink,2025-04-03,12.946226262097852,8265033888.858131,799975774.7164142,-7.897557385387543
Chainlink,2025-04-04,12.878828019458481,8227175445.577538,611022302.7320352,-0.5206014577135099
Chainlink,2025-04-05,12.928507581303577,8249341722.7090435,581602699.8789304,0.3857459837963262
Chainlink,2025-04-06,12.850660312439365,8183830331.541909,222527733.59438938,-0.6021365449542793
Chainlink,2025-04-07,11.238908056851425,7183767063.098941,477366411.3679423,-12.542174615165669
Chainlink,2025-04-08,11.44965652845407,7328573882.488836,1210436930.8075225,1.8751685709731403
Chainlink,2025-04-09,10.89326505450453,6949315310.048627,523864838.1631954,-4.85945995468795
Chainlink,2025-04-10,12.647956602138914,8074226656.848014,952678056.9888631,16.108040508100842
Chainlink,2025-04-11,12.084469273618044,7713180344.06681,496329553.36674684,-4.455164942814383
Chainlink,2025-04-12,12.662185919489465,8077089554.206759,409463124.3868677,4.7806538524008735
Chainlink,2025-04-13,13.15409100876008,8395139675.478573,321928504.88356286,3.8848354652057493
Chainlink,2025-04-14,12.595504800317707,8030387801.825142,380107644.3957095,-4.2464827715604
Chainlink,2025-04-15,12.6184368766309,8051824210.728918,376173031.01856023,0.1820655597115417
Chainlink,2025-04-16,12.232663516319127,7806269408.989765,370119228.89347965,-3.0572198766252723
Chainlink,2025-04-17,12.356538480086515,7882281071.191306,351801464.54358006,1.012657330123834
Chainlink,2025-04-18,12.5252036730024,7992235649.55951,288837211.6317576,1.3649873966540271
Chainlink,2025-04-19,12.558697130478318,8014676075.083512,180671781.6617473,0.2674084857247738
Chainlink,2025-04-20,12.947453224335892,8262991643.74339,178629421.48569492,3.0955129327397524
Chainlink,2025-04-21,13.269200654806177,8466814577.676792,286414705.2521437,2.4850248531157693
Chainlink,2025-04-22,13.081424601874769,8329011290.7206745,346927625.12621546,-1.415127088785073
Chainlink,2025-04-23,14.1342250045358,9015912064.953375,507864895.0569039,8.04805619190856
Chainlink,2025-04-24,14.986949363107113,9561879859.099422,628768008.6939439,6.033046440803558
Chainlink,2025-04-25,15.050493317966005,9896427840.998789,484978743.89956075,0.4239952596044372
Chainlink,2025-04-26,14.944135270634376,9821637827.181284,510598567.5112627,-0.706674825101361
Chainlink,2025-04-27,14.869258457484404,9769139350.126766,309160822.5401588,-0.5010448031550374
Chainlink,2025-04-28,14.58582846795352,9584347455.321674,318911542.8341605,-1.9061474406493972
Chainlink,2025-04-29,15.046650202292513,9887122233.197638,435216500.5042593,3.159379910105642
Chainlink,2025-04-30,14.616960308101044,9598961297.314419,339393250.3863224,-2.8557179732004445
Chainlink,2025-04-30,14.615417339161525,9603790301.718184,303564225.1313954,-0.01055601785183713
Ethereum,2025-01-31,3248.249484352305,391509879851.78656,19504592311.356525,
Ethereum,2025-02-01,3296.390634843652,396910231325.1062,31441846706.254246,1.4820644388079174
Ethereum,2025-02-02,3125.0386801320924,376840076476.98303,18969060074.552986,-5.19816895789983
Ethereum,2025-02-03,2862.6976188716285,344091054313.7205,38896518795.21238,-8.394810052379098
Ethereum,2025-02-04,2877.8138239498767,346820394641.11206,96588727629.45805,0.5280405788791187
Ethereum,2025-02-05,2740.3809762760143,329090090858.6241,52737830809.63367,-4.775598981772633
Ethereum,2025-02-06,2790.5521609256075,335828291113.4543,30026391038.27177,1.8308105728340074
Ethereum,2025-02-07,2686.662316793651,323756512126.7498,31349967107.97825,-3.7229135361331878
Ethereum,2025-02-08,2623.4507017824767,315636240722.9841,30948837988.08186,-2.35279344992686
Ethereum,2025-02-09,2635.6011418023404,317758860998.56256,16335613332.591795,0.4631472591273944
Ethereum,2025-02-10,2632.5358220552475,317369673472.60657,17155535243.908037,-0.11630438682375122
Ethereum,2025-02-11,2660.2967996436387,320711545303.1932,18843420567.42921,1.0545337068468719
Ethereum,2025-02-12,2603.0333698049267,313943237177.0695,21212910085.211273,-2.1525203445864616
Ethereum,2025-02-13,2736.2703136032396,329492522913.44,26503660438.845695,5.118526152751457
Ethereum,2025-02-14,2675.7090007037627,322584072350.2765,18938191215.29619,-2.2132796090502893
Ethereum,2025-02-15,2724.6698335873957,328399065363.05505,17416785872.704834,1.829826519653488
Ethereum,2025-02-16,2692.8213863864253,324625278431.52954,8896321414.559013,-1.1688919812731124
Ethereum,2025-02-17,2659.9017474093457,320529173059.00665,8757895115.47748,-1.2224961946419866
Ethereum,2025-02-18,2741.9050800956124,330464530098.92377,24666373348.432693,3.082945930846326
Ethereum,2025-02-19,2669.4945006896073,321688672383.7524,24353300611.506603,-2.640885708686902
Ethereum,2025-02-20,2714.8018364720533,327248168186.7616,13398586820.912325,1.69722529005929
Ethereum,2025-02-21,2741.5933625994785,330517520397.0965,14550027648.522171,0.9868685724126802
Ethereum,2025-02-22,2658.3470942919384,320508273451.5576,31770375573.3895,-3.036419238650656
Ethereum,2025-02-23,2764.355233404291,333381856893.82196,17576653979.14654,3.987746345839316
Ethereum,2025-02-24,2827.1844084879804,340712999974.1412,21394599890.269897,2.2728328951527432
Ethereum,2025-02-25,2503.103420098605,301769340440.05,31014455208.756138,-11.463029698961114
Ethereum,2025-02-26,2495.315451693047,301064649480.5458,42875934003.323944,-0.31113250627299305
Ethereum,2025-02-27,2325.853934699374,280668025121.2334,28109120496.698666,-6.79118613555233
Ethereum,2025-02-28,2305.3229378029837,277936135130.74036,89259450649.58,-0.882729417788819
Ethereum,2025-03-01,2235.204208608959,269516471615.1616,32905594283.00643,-3.04160115896166
Ethereum,2025-03-02,2212.8243514969954,266823935338.2421,16103021679.018568,-1.001244406473778
Ethereum,2025-03-03,2517.3382391622977,303306117779.7704,37907412347.33495,13.76132215190491
Ethereum,2025-03-04,2148.199533470228,259111889993.75626,33501080617.480988,-14.663850091710728
Ethereum,2025-03-05,2171.496943535016,261805780842.5489,35524086282.76523,1.084508664199979
Ethereum,2025-03-06,2241.3841149187283,270490243838.00568,22236307931.758247,3.218386817986585
Ethereum,2025-03-07,2202.3207363495417,265270135615.0983,19895800679.328133,-1.7428239233596488
Ethereum,2025-03-08,2140.7498089428914,257899503839.8083,21716710066.08888,-2.7957293590536336
Ethereum,2025-03-09,2199.9995000805707,265129957012.69815,11257666715.795546,2.7677074121490675
Ethereum,2025-03-10,2017.265460184326,243298514477.01385,17577023963.685375,-8.306094610001157
Ethereum,2025-03-11,1879.1231054991026,226713493940.29108,36577317615.21765,-6.848000791755027
Ethereum,2025-03-12,1921.3099227587034,232024934655.6445,30046602111.893852,2.245026796602323
Ethereum,2025-03-13,1910.6551381032464,230443739229.907,24499314730.70381,-0.5545583525722098
Ethereum,2025-03-14,1862.7949366490388,224658866951.8703,19212414462.181553,-2.5049105147106454
Ethereum,2025-03-15,1910.6662703455045,230476916425.01935,12949972214.265629,2.5698659983788064
Ethereum,2025-03-16,1939.7856881721348,233970291611.3664,6944891086.050841,1.5240452128442383
Ethereum,2025-03-17,1887.7643429692785,227688957214.28125,9486242392.181334,-2.6818088987900612
Ethereum,2025-03-18,1929.1833577618722,232725366276.39935,11251166846.249075,2.1940776107385096
Ethereum,2025-03-19,1932.7964059050657,233152161415.72287,10887619567.393353,0.18728381253430015
Ethereum,2025-03-20,2060.728601068271,248434080718.19073,20374739988.65224,6.619020750056648
Ethereum,2025-03-21,1980.831780524645,238984217654.16632,14303790085.616615,-3.8771151379278113
Ethereum,2025-03-22,1964.5293833168294,236980043535.89395,9890112887.282015,-0.8230076560816202
Ethereum,2025-03-23,1979.5449257665966,238753335160.5841,6195605844.536302,0.7643328003786642
Ethereum,2025-03-24,2001.0470230951883,241404254258.0785,7991413702.677865,1.0862141620890275
Ethereum,2025-03-25,2077.739325831977,250648654235.6259,15676451247.546822,3.8326087219161087
Ethereum,2025-03-26,2068.598435049149,249404519198.06433,12563169733.005245,-0.4399440617589456
Ethereum,2025-03-27,2009.8835432902426,242347645799.6622,14024859854.906677,-2.8383900308573518
Ethereum,2025-03-28,2003.3034241292064,241580699763.4796,12136188059.422693,-0.3273880809165908
Ethereum,2025-03-29,1896.9173600459985,228784244898.24844,18419487648.39739,-5.310531734824531
Ethereum,2025-03-30,1829.2745211803463,220262156018.88525,12924117064.878807,-3.5659349368815985
Ethereum,2025-03-31,1805.3378779435934,217784813538.97607,10056531345.160347,-1.3085320415061386
Ethereum,2025-04-01,1824.2071367609847,219908040559.44638,17022367813.88877,1.0451926505239406
Ethereum,2025-04-02,1907.1671522994227,230031614721.63394,15899367803.5509,4.547730017422236
Ethereum,2025-04-03,1795.761850567479,216667567217.00522,23450470660.978283,-5.841402081491653
Ethereum,2025-04-04,1818.2844199542053,219762279056.2319,16999031833.158594,1.2542069194536598
Ethereum,2025-04-05,1814.4807753449506,218925876283.93597,19459233591.298603,-0.20918864878963772
Ethereum,2025-04-06,1809.935827172196,217957146409.9286,6780827627.545529,-0.250482024087062
Ethereum,2025-04-07,1574.6321611455576,190295586491.21872,23485484227.161697,-13.000663476244444
Ethereum,2025-04-08,1555.909812570873,188565143892.71408,49416724296.56089,-1.1889982331533155
Ethereum,2025-04-09,1471.3608854365523,177496121145.5316,22451028357.384758,-5.434050640417154
Ethereum,2025-04-10,1662.5331604641576,200623016236.85327,41589589714.84994,12.992888211166797
Ethereum,2025-04-11,1523.928624242526,183947227079.42554,20486375929.10568,-8.336948670722155
Ethereum,2025-04-12,1568.131690125936,189185664203.6754,14195085224.783228,2.9005994887314035
Ethereum,2025-04-13,1645.8625733156498,198696438258.60336,11756571644.476357,4.956910422712735
Ethereum,2025-04-14,1595.4227460001084,192382635779.77805,13775001676.60885,-3.064643921875476
Ethereum,2025-04-15,1621.543195596693,195686083638.74744,15415724739.820591,1.6372118087241372
Ethereum,2025-04-16,1587.8222244021401,191837036865.40186,11786525215.180002,-2.079560463521557
Ethereum,2025-04-17,1577.7073516760117,190419833063.11868,13120084885.866234,-0.6370280356755242
Ethereum,2025-04-18,1583.4764497002345,191135638825.23685,9437178720.867388,0.36566337971957186
Ethereum,2025-04-19,1589.1516208270755,191865697060.91525,5254078676.877919,0.35839946517142174
Ethereum,2025-04-20,1615.0502549158562,194945047366.35382,5148626529.402773,1.6297144809443553
Ethereum,2025-04-21,1585.4600253443446,191374869502.39386,6695768150.024456,-1.8321553451012162
Ethereum,2025-04-22,1577.4465595922347,190376888818.46906,15275062279.387148,-0.5054347396976744
Ethereum,2025-04-23,1759.7064599311093,212582611840.14056,24271980430.95098,11.55410934402672
Ethereum,2025-04-24,1793.969849485534,216572719914.54987,22099177230.61867,1.9471082441651077
Ethereum,2025-04-25,1769.3925107354407,213593284213.58224,12923295609.972548,-1.3699973138980859
Ethereum,2025-04-26,1788.7981804331257,215954892518.00418,15656748328.784924,1.0967419371306741
Ethereum,2025-04-27,1821.2695303291391,219830529458.7114,10293614895.776522,1.8152606734064936
Ethereum,2025-04-28,1793.6918440730135,216533502206.27112,9632458065.106846,-1.5142012643862612
Ethereum,2025-04-29,1799.50191449199,217264115049.6792,16777384305.88931,0.3239168666666403
Ethereum,2025-04-30,1796.9720456768928,216596941729.71945,13994558644.11867,-0.14058716996760978
Ethereum,2025-04-30,1806.339754150299,218055956070.58838,13552466861.48727,0.5213051864631391
Litecoin,2025-01-31,129.84366772430988,9814440680.173134,1638098869.931678,
Litecoin,2025-02-01,128.21183599988407,9677220134.738226,1090761942.081012,-1.2567665046943954
Litecoin,2025-02-02,119.29690660995936,9010086521.217093,985191821.3443292,-6.953281122916588
Litecoin,2025-02-03,109.31031015468574,8253963445.639293,1115682065.8488839,-8.371211575439041
Litecoin,2025-02-04,106.68160642173409,8048628156.785988,2441705632.2215824,-2.404808594204655
Litecoin,2025-02-05,101.67696315466425,7667727199.205585,1019927047.7053579,-4.6911960130085255
Litecoin,2025-02-06,103.2990388548491,7793483363.114841,784744222.8815889,1.5953227258739489
Litecoin,2025-02-07,101.47893246342676,7660591955.182887,848255368.6092739,-1.761978050908941
Litecoin,2025-02-08,103.39476312241148,7789871487.642278,799254239.5148337,1.8879097488290864
Litecoin,2025-02-09,104.61729918059041,7901850456.721828,465436098.68915004,1.182396497907301
Litecoin,2025-02-10,107.73419511788468,8145714681.521402,604525038.778369,2.979331297698562
Litecoin,2025-02-11,120.05069573017687,9068885036.233103,1438789294.118041,11.432303920603148
Litecoin,2025-02-12,119.65280378271162,9044861006.116547,1976331648.9729562,-0.33143660271619524
Litecoin,2025-02-13,121.99463007475461,9203381373.698904,1393788289.7077782,1.9571846358867884
Litecoin,2025-02-14,126.03039210817782,9516394598.803734,1346335690.2246993,3.308147277425433
Litecoin,2025-02-15,125.21974094167598,9453243856.12257,1455547014.3905914,-0.6432187926591726
Litecoin,2025-02-16,133.62168171140846,10093262110.94626,1246273370.8017514,6.709757348600398
Litecoin,2025-02-17,125.49089944736285,9473784534.412548,1152669037.893838,-6.084927356030578
Litecoin,2025-02-18,122.27490048728195,9242646578.962296,1046680366.2842332,-2.562734807259748
Litecoin,2025-02-19,129.37431812030331,9759044426.385616,1288304876.6470635,5.806111969610472
Litecoin,2025-02-20,135.0467320134156,10201697688.654856,1692292215.9571497,4.384497615545002
Litecoin,2025-02-21,130.5637873445115,9864728443.239668,1312322332.732645,-3.3195506489255733
Litecoin,2025-02-22,127.76992831353945,9653408110.512215,2093991805.1315832,-2.139842208774201
Litecoin,2025-02-23,126.03619151044622,9530266679.92425,812249063.6396708,-1.3569208545212263
Litecoin,2025-02-24,130.10308729876857,9837390278.575287,551614953.6590775,3.2267682318735336
Litecoin,2025-02-25,113.9332495540523,8602007974.028145,1209926327.7844286,-12.428481199361451
Litecoin,2025-02-26,114.76275278676175,8677391811.148994,1537993920.1979632,0.728060716214296
Litecoin,2025-02-27,125.37996021335239,9549977511.213007,1987251137.1444976,9.251440183138726
Litecoin,2025-02-28,126.70031771605727,9574416570.22039,1672871343.6116602,1.0530849590780766
Litecoin,2025-03-01,128.03040655443823,9678910951.31067,2054309988.7668726,1.0497912415356137
Litecoin,2025-03-02,124.31670036737066,9385225534.229576,788439341.3451804,-2.9006439071866175
Litecoin,2025-03-03,127.46719147141572,9619159732.090874,1573373193.6843083,2.5342460785517718
Litecoin,2025-03-04,110.09765258595738,8347231249.451294,1680126249.0425043,-13.626674193534283
Litecoin,2025-03-05,103.50343511026203,7819286761.678856,1617453863.819595,-5.989426042073864
Litecoin,2025-03-06,104.7094659831926,7920491092.289668,750123942.0890497,1.1652085475673202
Litecoin,2025-03-07,103.41902164415295,7811087426.392047,996873641.1899408,-1.232404660765618
Litecoin,2025-03-08,103.43292073503451,7815555720.049919,959354888.9406079,0.013439588443797668
Litecoin,2025-03-09,102.3410433650952,7736874853.50443,575717707.3531715,-1.055638149034177
Litecoin,2025-03-10,94.39487281369313,7137231042.32964,724885755.9653066,-7.764402521337033
Litecoin,2025-03-11,87.65780132214545,6643475688.609712,936099212.0300516,-7.137115916078008
Litecoin,2025-03-12,90.4747992641379,6831117142.079481,884268964.2548919,3.2136306175874596
Litecoin,2025-03-13,91.60675995065874,6928566543.411995,571176656.9652631,1.2511336811216633
Litecoin,2025-03-14,87.99132679881963,6652478657.709991,484392096.47551423,-3.9466881633914985
Litecoin,2025-03-15,91.3971653027959,6913496982.94947,464639108.0801656,3.8706525152908178
Litecoin,2025-03-16,92.46919970506201,6992118226.777757,374852322.4153406,1.1729405378323232
Litecoin,2025-03-17,90.40439571244727,6838393380.831456,386832700.4293623,-2.232964056356712
Litecoin,2025-03-18,92.37546226716411,6984635980.1495695,606313379.2004459,2.180277340701764
Litecoin,2025-03-19,90.0837145234657,6815219134.146447,478307695.0995585,-2.480905304777059
Litecoin,2025-03-20,94.0422796860704,7112024979.032436,513499374.2912175,4.394318311078904
Litecoin,2025-03-21,93.30107371605145,7058051159.346518,441823215.18934035,-0.78816248658925
Litecoin,2025-03-22,91.03721767589194,6890031290.214057,375669546.0113553,-2.4263987004578658
Litecoin,2025-03-23,91.223451729495,6903426202.030807,243777452.15044507,0.20456914035540397
Litecoin,2025-03-24,91.39870932152722,6911025677.173443,259623484.09774166,0.19211900965105944
Litecoin,2025-03-25,93.60884518810742,7077899326.687746,524551997.22049826,2.4181259046068826
Litecoin,2025-03-26,94.57310196374205,7148968042.653589,397206237.00237614,1.0300915193398152
Litecoin,2025-03-27,92.31003870911086,6983052282.012975,441529794.71764463,-2.392924846114086
Litecoin,2025-03-28,92.8877747770944,7029301529.646742,352618809.26904845,0.6258648312391202
Litecoin,2025-03-29,87.41653156849024,6613738585.018041,492930223.88561195,-5.8901650101250365
Litecoin,2025-03-30,85.45147530911963,6467602365.668118,376077887.77875906,-2.2479229318667304
Litecoin,2025-03-31,85.96234152262682,6499238361.748272,274391027.8807616,0.5978436436107515
Litecoin,2025-04-01,83.04256752728014,6277225216.853542,462268764.4658335,-3.396573364137756
Litecoin,2025-04-02,84.54689935549364,6398779118.594738,322909994.59099215,1.8115189269880316
Litecoin,2025-04-03,81.83281769665525,6196076205.968676,619546608.0311532,-3.210149253879202
Litecoin,2025-04-04,83.38712732801515,6318392549.087218,478963702.1059204,1.8993720063771313
Litecoin,2025-04-05,84.36977604877094,6386009983.670018,400393323.5120247,1.1784177633202386
Litecoin,2025-04-06,82.80492892590036,6257632670.7887745,199305234.3509163,-1.8547484610674014
Litecoin,2025-04-07,70.34292227007285,5324189101.277505,573321119.5969832,-15.049836788072579
Litecoin,2025-04-08,70.93382299574974,5390826351.377353,971505912.6348518,0.84002868605344
Litecoin,2025-04-09,68.98458275503194,5223735310.72354,467933315.9819023,-2.747970091552232
Litecoin,2025-04-10,75.99818230182687,5758177768.499896,703818143.4106892,10.16690870147119
Litecoin,2025-04-11,73.7535696947226,5586167739.826198,397709834.30993646,-2.9535082802241153
Litecoin,2025-04-12,76.20087730680858,5768953822.147762,377460234.99181485,3.318222592093867
Litecoin,2025-04-13,78.6355543978562,5956375644.453023,324742960.39098483,3.1950775071064363
Litecoin,2025-04-14,77.68422193531823,5879656085.2503805,341117324.06776094,-1.2097993964978015
Litecoin,2025-04-15,77.10197463364834,5839473626.286347,365700614.2751121,-0.7495052240526934
Litecoin,2025-04-16,75.4068649588178,5716629508.599072,293389016.48119324,-2.1985295226028656
Litecoin,2025-04-17,74.31575905789768,5628221152.3442135,329901355.6438539,-1.44695831276902
Litecoin,2025-04-18,74.89905687711816,5673941607.193169,284895324.5677437,0.7848911544670489
Litecoin,2025-04-19,75.97759927668527,5756754830.759695,224348134.2578045,1.4399946334926472
Litecoin,2025-04-20,76.14787380731937,5770027864.640295,222707907.499638,0.2241114910909614
Litecoin,2025-04-21,77.76735019741147,5893574369.644207,226606831.6456881,2.126751948701733
Litecoin,2025-04-22,77.81974930905011,5882844239.931984,380280927.0455519,0.06737931986318113
Litecoin,2025-04-23,83.88538391176314,6358829483.215953,463598615.5846726,7.794466901485664
Litecoin,2025-04-24,83.13713416252266,6300044839.968603,505566472.52285296,-0.8919906118896148
Litecoin,2025-04-25,84.35577146806008,6392700908.619809,371800434.29579943,1.465815868941478
Litecoin,2025-04-26,86.3975301727394,6547211474.199017,393330066.99452436,2.420413765586149
Litecoin,2025-04-27,87.03547825518902,6594892212.568686,256842885.77026463,0.738386943670899
Litecoin,2025-04-28,85.54993622134249,6484002209.92884,248128460.7378457,-1.7068235432577294
Litecoin,2025-04-29,85.80852689223472,6506028163.850973,364715075.1949403,0.30226868927545336
Litecoin,2025-04-30,85.42140587808338,6469813938.360179,376160717.10326785,-0.45114515791364607
Litecoin,2025-04-30,85.35715310594365,6468382726.20433,395939048.5460776,-0.07521858424037742
Polkadot,2025-01-31,6.127695465821283,9343681874.13122,207475144.7617954,
Polkadot,2025-02-01,6.3149306445701106,9611360305.66858,347310792.4039814,3.05555620042115
Polkadot,2025-02-02,5.925742650245715,9049371864.833912,253834326.48964158,-6.162981293532321
Polkadot,2025-02-03,5.1223498891675625,7764707208.756016,565973916.4663827,-13.557672151773904
Polkadot,2025-02-04,5.177344192231989,7885714795.996913,1201970826.6236064,1.0736147325805634
Polkadot,2025-02-05,4.7465688265166195,7208967694.395373,467716839.7706376,-8.320392651539343
Polkadot,2025-02-06,4.692305822775594,7142942589.457484,218308685.8650339,-1.1432048227740133
Polkadot,2025-02-07,4.488024986683552,6817803070.035865,202447674.1211231,-4.353527749630038
Polkadot,2025-02-08,4.584974629536713,6968628859.018911,322886400.49758315,2.1601850065634975
Polkadot,2025-02-09,4.747784336106698,7231054164.180392,169859745.00550616,3.5509401845138733
Polkadot,2025-02-10,4.768484213122575,7259103275.373556,220104817.88435477,0.4359902546215988
Polkadot,2025-02-11,4.835423126063689,7361656486.188615,214764530.49897516,1.4037775936617924
Polkadot,2025-02-12,4.80906655929142,7321258576.528013,276490330.2341074,-0.545072604509067
Polkadot,2025-02-13,5.231804807639781,7960471222.121489,431734813.7945228,8.790442867371095
Polkadot,2025-02-14,5.12920170585531,7808489480.900191,223466503.9197794,-1.9611416242946156
Polkadot,2025-02-15,5.191503606288476,7903655004.709913,221686215.68924507,1.2146510121067156
Polkadot,2025-02-16,5.02391283330915,7646937382.360792,150692647.2874577,-3.228174064568179
Polkadot,2025-02-17,4.8763094807083895,7419103570.427069,127691841.03065348,-2.9380157956191533
Polkadot,2025-02-18,4.884356070287686,7431095473.96506,196132141.52568948,0.16501392315502184
Polkadot,2025-02-19,4.761070407791918,7240860520.048352,238668344.67676988,-2.5240924437457513
Polkadot,2025-02-20,4.877077278265619,7423868323.526048,164700250.7311589,2.436571202220539
Polkadot,2025-02-21,5.049532688568829,7688607035.4641,205826300.23823163,3.536040141741159
Polkadot,2025-02-22,5.055764776364962,7696888009.362756,326841354.65206677,0.1234190999543694
Polkadot,2025-02-23,5.045600420451044,7681254799.631484,197199332.41423583,-0.201044873793077
Polkadot,2025-02-24,4.962965250471214,7550802937.692735,125624894.48164535,-1.6377668284014213
Polkadot,2025-02-25,4.409173135088577,6704630791.655081,277983570.78092974,-11.158492704136036
Polkadot,2025-02-26,4.630833214861277,7048941234.924034,456052622.4782715,5.027248261328432
Polkadot,2025-02-27,4.737227814946534,7214672121.11047,313517702.667414,2.297526063858557
Polkadot,2025-02-28,4.9297933547131505,7504462036.486724,351623459.64350885,4.0649415077537165
Polkadot,2025-03-01,4.718933352338517,7184693286.174946,406798078.4782478,-4.277258440722253
Polkadot,2025-03-02,4.663492657367923,7095576317.576056,172411504.21341795,-1.1748564947017037
Polkadot,2025-03-03,5.194907662022664,7907459756.219945,351404757.2591509,11.395214782104347
Polkadot,2025-03-04,4.4797536408689,6827889952.6983185,354542177.62483937,-13.766443364949343
Polkadot,2025-03-05,4.331014885958371,6587069005.413009,358004086.9836772,-3.320244076673806
Polkadot,2025-03-06,4.528683380998404,6890816388.620815,197701711.15388465,4.564022526934641
Polkadot,2025-03-07,4.440327657989716,6757953126.93353,198956189.0998639,-1.9510245158540829
Polkadot,2025-03-08,4.405587736173357,6706313318.2032995,286605234.2300235,-0.7823729348857889
Polkadot,2025-03-09,4.288418270311042,6530742364.192004,130249257.56892297,-2.659564917984969
Polkadot,2025-03-10,4.017849174215634,6098037561.853455,202616257.9042693,-6.309298185034162
Polkadot,2025-03-11,3.886090665715909,5924388799.717715,261453381.28991136,-3.279329382130103
Polkadot,2025-03-12,4.044064391425978,6154251436.853501,277788376.2046481,4.06510653762544
Polkadot,2025-03-13,3.976503748419388,6047740002.912908,212556427.04158702,-1.6706124449904713
Polkadot,2025-03-14,3.9752803035019677,6049778882.121537,195642781.95121038,-0.03076684934363305
Polkadot,2025-03-15,4.180392739164096,6363382819.276579,221637052.71454492,5.1596974301771015
Polkadot,2025-03-16,4.352416876189085,6627033883.790361,158730273.71130607,4.115023342505064
Polkadot,2025-03-17,4.30092839383877,6537879795.972363,155877082.88105214,-1.1829860009962334
Polkadot,2025-03-18,4.378156359311373,6667053075.981273,177325414.8427803,1.7956115145565832
Polkadot,2025-03-19,4.4641656928903135,6793936451.837484,173999552.6785384,1.9645103217023507
Polkadot,2025-03-20,4.545125675636074,6912321086.645029,240430398.92310542,1.8135523704843282
Polkadot,2025-03-21,4.396429517938644,6691250461.656311,165791500.482504,-3.2715521705925066
Polkadot,2025-03-22,4.492833157752314,6841117440.048836,198758693.2095648,2.1927711889913493
Polkadot,2025-03-23,4.440801420945156,6755932806.918282,134612578.0779071,-1.1581052529711422
Polkadot,2025-03-24,4.497209413079835,6853376058.674074,134757520.99115974,1.2702209981430235
Polkadot,2025-03-25,4.61370109477718,7017401849.992181,212406756.34480095,2.5903103679925765
Polkadot,2025-03-26,4.6410705913636985,7064875940.825395,150821706.61648,0.5932221447440877
Polkadot,2025-03-27,4.692452329383157,7145283988.592348,200688744.7669101,1.1071095991315394
Polkadot,2025-03-28,4.6320289945341235,7051220649.739965,189869115.18316212,-1.2876707232735152
Polkadot,2025-03-29,4.288950588191705,6525848247.071601,208166543.03374335,-7.406654983102589
Polkadot,2025-03-30,4.048690774702964,6151156566.893912,154746554.63838288,-5.601832162632558
Polkadot,2025-03-31,4.0348020276508425,6138219211.805758,123335193.92868994,-0.3430429199211993
Polkadot,2025-04-01,4.0235385272362105,6124705047.020388,156442506.01143336,-0.2791586882687769
Polkadot,2025-04-02,4.1767975254425735,6362627829.429223,157721985.3016019,3.8090600392892915
Polkadot,2025-04-03,3.966703761405211,6038331549.223662,260135998.9388796,-5.030020314788919
Polkadot,2025-04-04,4.053293922122308,6169970408.399564,194927424.80435094,2.1829248142902102
Polkadot,2025-04-05,4.031504992184917,6136160273.910595,173903471.2592361,-0.5375610640637296
Polkadot,2025-04-06,3.963681257528397,6028214527.093344,105934824.13301788,-1.6823428170868349
Polkadot,2025-04-07,3.675281015904061,5586380627.041218,184276862.6839877,-7.276070473037266
Polkadot,2025-04-08,3.5910034895006557,5486378099.970806,427100562.6823301,-2.293090679017762
Polkadot,2025-04-09,3.3660107363196534,5121979456.064432,193841629.9674787,-6.265456266997072
Polkadot,2025-04-10,3.6357673780347453,5533840258.842209,317717075.92116654,8.014134916576054
Polkadot,2025-04-11,3.4656100511582237,5277619664.534353,219360831.0606997,-4.680093888968695
Polkadot,2025-04-12,3.555901707755209,5413032038.313501,154887087.36880568,2.605361112881388
Polkadot,2025-04-13,3.712469398070574,5656164602.021083,127892822.19230707,4.403037631043061
Polkadot,2025-04-14,3.652410153330492,5545337783.218219,172374035.31874913,-1.617770769270055
Polkadot,2025-04-15,3.6709515974703013,5587942110.695048,159814261.13010684,0.5076495618352661
Polkadot,2025-04-16,3.5220541582843907,5360109679.45148,140660296.09425417,-4.0560992220250895
Polkadot,2025-04-17,3.5568930754149894,5412830220.899554,140409183.4525263,0.9891647193627673
Polkadot,2025-04-18,3.6309172357869133,5525468376.487839,126658899.60456094,2.0811466300062254
Polkadot,2025-04-19,3.6828070230670242,5608887034.310444,87183285.93808618,1.4291096136446413
Polkadot,2025-04-20,3.875695553403852,5899249077.365679,107542205.44830623,5.237541069317042
Polkadot,2025-04-21,3.878558780275851,5903115334.126512,131554313.58082154,0.07387646507694967
Polkadot,2025-04-22,3.791356419939267,5771003584.902883,138375515.82463697,-2.2483186481547124
Polkadot,2025-04-23,4.0214281858071566,6124436231.95485,221183005.99889478,6.068323322437075
Polkadot,2025-04-24,4.0893318343573934,6226712713.966897,243429211.8128456,1.688545596559199
Polkadot,2025-04-25,4.257528151823736,6480430220.744547,212680458.27914992,4.113051331594186
Polkadot,2025-04-26,4.262217790758248,6490203903.937389,208528104.33728528,0.11014933471440447
Polkadot,2025-04-27,4.266977250366512,6494540737.566986,144530312.28994662,0.11166626957881398
Polkadot,2025-04-28,4.096871083389044,6235526694.678963,169777311.62057754,-3.986573093701329
Polkadot,2025-04-29,4.236896520599812,6445783825.498586,191727714.96651155,3.417862909538627
Polkadot,2025-04-30,4.137170970134625,6294431420.553912,140689016.94973508,-2.3537405263574507
Polkadot,2025-04-30,4.137123338682491,6296740695.460226,135713678.02653548,-0.0011513049008260445
Solana,2025-01-31,239.04719726337646,116559779515.8497,5322441765.57196,
Solana,2025-02-01,231.50782299297455,112643737226.91638,4767010236.438659,-3.1539270724413537
Solana,2025-02-02,214.46366422580272,104469275144.33444,4126022505.958027,-7.362238799027132
Solana,2025-02-03,202.32492853599265,98398368500.85646,9577730751.60321,-5.6600430350894015
Solana,2025-02-04,215.95147229807475,105205583844.172,17185125725.03428,6.73498014341718
Solana,2025-02-05,207.42406393975517,100802812440.85353,8488460261.020004,-3.9487613895724305
Solana,2025-02-06,196.21787573260255,95550201539.32951,4519102616.629987,-5.4025497303954895
Solana,2025-02-07,189.38932513491977,92031851837.88425,4544519196.979243,-3.480085885237305
Solana,2025-02-08,192.2709679394336,93773950310.2403,5321325630.808724,1.521544470608882
Solana,2025-02-09,199.70939394589394,97430610890.80075,2738591550.9889145,3.8687203201699605
Solana,2025-02-10,200.44634668796408,97797330676.8804,3575183754.783349,0.3690125574512537
Solana,2025-02-11,200.0458466193684,97602797576.9777,4877446867.21056,-0.19980412475121279
Solana,2025-02-12,197.92915264031842,96650663515.04695,4610068875.979272,-1.0581044369681214
Solana,2025-02-13,196.60301392852935,95802342588.48465,4991943969.554793,-0.6700067645916574
Solana,2025-02-14,194.2631701900725,94843692266.1009,3243643748.254954,-1.1901362505599589
Solana,2025-02-15,199.65011966060425,97468827982.87822,4307573002.935994,2.7730163495535587
Solana,2025-02-16,194.4254509858272,94916725048.10495,2126185023.7187572,-2.6169123683265183
Solana,2025-02-17,188.165584495931,91860796549.96172,2477404625.155988,-3.219674408960238
Solana,2025-02-18,177.91997195388805,86934660078.68405,4953743554.608888,-5.444998121994249
Solana,2025-02-19,169.10718217289786,82487856965.56555,7430021942.540908,-4.953232447268041
Solana,2025-02-20,169.26443436615673,82688920914.07486,4126508611.428817,0.09298965971658024
Solana,2025-02-21,176.02074183930708,86011244818.54909,3748737861.764053,3.9915694625694
Solana,2025-02-22,169.00123201382314,82609623068.92926,5320752621.586434,-3.9878878773799253
Solana,2025-02-23,172.21280391506767,84180442889.18811,2446840289.512584,1.90032454969431
Solana,2025-02-24,168.09302650361454,82111049206.9718,1845951247.1170418,-2.3922596449244993
Solana,2025-02-25,141.16593031186233,69785445476.4441,8204544974.98999,-16.01916316925449
Solana,2025-02-26,144.3563354963687,71703011109.95712,10792855904.5099,2.2600390742002485
Solana,2025-02-27,134.6628545613439,67080997138.50677,5565468106.450874,-6.714967446142084
Solana,2025-02-28,137.60648163669737,68562002291.54892,4247821646.488742,2.1859235681154665
Solana,2025-03-01,148.17466304440643,73865234147.56163,8773643463.195835,7.680002629244398
Solana,2025-03-02,143.4002225931321,72725965137.73221,3750217492.258566,-3.222170614853015
Solana,2025-03-03,178.17413183106032,90446325718.02034,13105437774.765995,24.24955039058192
Solana,2025-03-04,142.5141267061424,72549477478.20894,10365994673.49476,-20.014131545610514
Solana,2025-03-05,145.06190940041165,73677404621.18243,8959390661.47582,1.7877404529325291
Solana,2025-03-06,146.1815871653316,74254605878.29288,5058439503.511892,0.7718620067445281
Solana,2025-03-07,143.45134750836067,72855104265.59047,4945954333.278534,-1.8677042094795593
Solana,2025-03-08,139.1826626278542,70789658072.88582,7016301953.403862,-2.9757021838067277
Solana,2025-03-09,136.88210638232243,69641393306.39473,2514068553.482356,-1.6529043216273132
Solana,2025-03-10,126.63426805755283,64443868119.22886,3801194130.62927,-7.486616472825592
Solana,2025-03-11,118.78644366084116,60550984692.33613,5864031854.074184,-6.197235959183645
Solana,2025-03-12,125.4287680235315,63868692267.70004,6029007255.049647,5.591820209430209
Solana,2025-03-13,126.56536487567297,64342608562.247406,4689543463.448166,0.9061691907300107
Solana,2025-03-14,123.23770752728635,62750805255.11328,3271148359.248695,-2.6292006123914136
Solana,2025-03-15,133.5545345544276,68090655259.91155,3701658672.5857406,8.371485671183043
Solana,2025-03-16,135.83808085318316,69171954733.32257,2173510694.828497,1.709823111865183
Solana,2025-03-17,126.16514527624146,64335280377.63734,2798721596.9139237,-7.120930681725712
Solana,2025-03-18,128.27980954134415,65460614429.259926,2835104845.2985606,1.6761081362626662
Solana,2025-03-19,125.34406014353017,63883571506.45802,2936759432.6961746,-2.2885514160884357
Solana,2025-03-20,135.62276169425357,69135638972.75473,4227937432.462337,8.200389822184917
Solana,2025-03-21,127.67626424914864,65205449286.37338,2856454079.9876003,-5.859265322305863
Solana,2025-03-22,128.23973822410704,65399367439.38751,2682481813.177558,0.44133024902641704
Solana,2025-03-23,128.39187391771924,65538073389.8455,1633225353.201732,0.11863381485255342
Solana,2025-03-24,132.10106868785385,67460845086.99793,1946961909.8583128,2.8889638081859292
Solana,2025-03-25,140.57936877383233,71815757431.57007,4982998048.548014,6.418040497471034
Solana,2025-03-26,143.93305133739045,73627601377.65034,4141256445.109851,2.3856150392548736
Solana,2025-03-27,137.09334253160864,70000923888.07939,3544853266.965955,-4.752007090955779
Solana,2025-03-28,138.37897933357002,70778661497.74887,3091328527.031395,0.9377820820620553
Solana,2025-03-29,129.44621681849003,66247008410.83447,3970975243.7690816,-6.4552886270009875
Solana,2025-03-30,124.50189658068513,63588827540.6773,2655617262.6764107,-3.8195942371478053
Solana,2025-03-31,124.5806499329744,63769548570.98089,1878569311.0322552,0.0632547410538642
Solana,2025-04-01,124.86617842858315,64041752306.38457,3728330337.9255114,0.2291916888877754
Solana,2025-04-02,126.80693682115113,65013471543.10781,3477738068.3977413,1.554270673605962
Solana,2025-04-03,118.08550586157003,60554316318.78751,6220758262.820647,-6.877723867647578
Solana,2025-04-04,117.1929518844708,60114820903.14578,5474729959.575941,-0.7558539641144058
Solana,2025-04-05,122.71307466195722,63119906836.25052,6141157658.850645,4.710285634692579
Solana,2025-04-06,120.16838205477265,61612075005.753624,1955824996.8725355,-2.073693136770094
Solana,2025-04-07,105.76515013740064,54407017309.8724,4396294752.456149,-11.985874879140034
Solana,2025-04-08,106.7967654056102,55287675172.0351,9917012343.481733,0.9753829752705778
Solana,2025-04-09,105.48654682895575,54362173273.33906,6176838846.398615,-1.2268335765397875
Solana,2025-04-10,118.96288063114291,61346961564.26659,8239588242.375064,12.775405212608536
Solana,2025-04-11,112.88616853404648,58222992351.23841,4925583853.038068,-5.108074102490779
Solana,2025-04-12,121.39249540173658,62579152124.32843,4490645224.532262,7.53531365104716
Solana,2025-04-13,132.15438529607428,68213237375.70017,4651920909.779958,8.865366725284197
Solana,2025-04-14,128.2347432835372,66179248512.52756,4291450492.451211,-2.9659568267489944
Solana,2025-04-15,129.42181202590046,66819953237.06392,5081658904.236963,0.9256997846040615
Solana,2025-04-16,126.3038818388089,65196188092.34004,3719787998.9004683,-2.409122649640838
Solana,2025-04-17,131.4761427933663,67870163137.17048,5101503918.076568,4.095092628394692
Solana,2025-04-18,134.6151648808524,69481783520.11879,4018737660.8549724,2.3875221928433943
Solana,2025-04-19,133.9760882871713,69200358044.81024,2480801560.1936097,-0.47474338737893973
Solana,2025-04-20,139.64248014652355,72126425869.29272,2834667466.059489,4.229405360161431
Solana,2025-04-21,137.6315829179827,71115714800.43887,3092429798.991093,-1.4400325935423508
Solana,2025-04-22,136.3303974884886,70377196884.15381,4783795038.828256,-0.9454119482659173
Solana,2025-04-23,148.80397504642707,76994272929.58481,5472749483.478719,9.149520420779034
Solana,2025-04-24,150.9999108899842,78136958296.32701,5423865832.324091,1.475723913203253
Solana,2025-04-25,152.3299363576059,78834813870.53423,4515150018.575274,0.8808120877572767
Solana,2025-04-26,150.92008896105446,78095157984.68939,5066838746.453711,-0.9255222120238549
Solana,2025-04-27,149.14633083954075,77171380425.34795,2422656520.389346,-1.1752962337382655
Solana,2025-04-28,148.2466719511348,76723146261.05916,2296538427.6507287,-0.6032055118901036
Solana,2025-04-29,147.99083303267335,76624350441.35915,4344220983.973297,-0.17257650043286388
Solana,2025-04-30,146.49305755147196,75781317345.75404,3236163761.820636,-1.0120731470379063
Solana,2025-04-30,147.23375732082502,76192400523.18544,3183377235.955053,0.5056210729254662
